address,name,distinct_name
0xbbbd1bbb4f9b936c3604906d7592a644071de884,
0x5427fefa711eff984124bfbb1ab6fbf5e3da1820,
0x66a71dcef29a0ffbdbe3c6a460a3b5bc225cd675,
0x5cdaf83e077dbac2692b5864ca18b61d67453be8,
0x50002cdfe7ccb0c41f519c6eb0653158d11cd907,layer-2
0xdc1664458d2f0b6090bea60a8793a4e66c2f1c00,layer-2
0xabea9132b05a70803a4e85094fd0e1800777fbef,layer-2
0x99c9fc46f92e8a1c0dec1b1747d010903e884be1,layer-2;optimism
0x467194771dae2967aef3ecbedd3bf9a310c76c65,layer-2;optimism
0xf5c9f957705bea56a7e806943f98f7777b995826,layer-2;sorare
0xba8da9dcf11b50b03fd5284f164ef5cdef910705,multichain
0xa0c68c638235ee32657e8f720a23cec1bfc77c77,polygon-matic
0x40ec5b33f54e0e8a33a975908c5ba1c14e5bbbdf,polygon-matic
0x8484ef722627bf18ca5ae6bcf031c23e6e922b30,polygon-matic
0xae0ee0a63a2ce6baeeffe56e7714fb4efe48d419,starknet
0xbb3400f107804dfb482565ff1ec8d8ae66747605,starknet




