Rank,Name,Symbol,Address,Price,24h Change,24h Volume,Market Cap
1,USDC (USDC),USDC,0x833589fcd6edb6e08f4c7c32d4f71b54bda02913,$0.9999 0.000330 ETH,,9091263602.0,63488995519.0
2,Wrapped BTC (WBTC),WBTC,0x0555e30da8f98308edb960aa94c0db47230d2b9c,"$122,373.00 40.385662 ETH",3.91,234146093.0,15767958940.0
3,Wrapped liquid staked Ether 2.0 (wstETH),wstETH,0xc1cba3fcea344f92d9239c08c0568f6f2f0ee452,"$3,673.51 1.212336 ETH",2.72,17456618.0,12672357710.0
4,Wrapped eETH (weETH.base),weETH.base,0x04c0599ae5a44757c0af6f9ec3b93da8976c150a,"$3,250.53 1.072743 ETH",2.46,4013222.0,8235197333.0
5,Wrapped Ether (WETH),WETH,0x4200000000000000000000000000000000000006,"$3,030.82 1.000234 ETH",2.31,337599013.0,7519546858.0
6,USDS Stablecoin (USDS),USDS,0x820c137fa70c8691f0e44dc420a5e53c168921dc,$0.9999 0.000330 ETH,0.02,6233371.0,7185109730.0
7,Coinbase Wrapped BTC (cbBTC),cbBTC,0xcbb7c0000ab88b473b1f5afd9ef808440eed33bf,"$122,507.00 40.429885 ETH",3.8,408660456.0,6253040373.0
8,Dai Stablecoin (DAI),DAI,0x50c5725949a6f0c72e6c4a641f24049a917db0cb,$0.9997 0.000330 ETH,-0.01,57672214157.0,5363887617.0
9,USDe (USDe),USDe,0x5d3a1ff2b6bab83b63cd9ad0787074081a52ef34,$0.999 0.000330 ETH,-0.15,123370766.0,5319349327.0
10,Aave Token (AAVE),AAVE,0x63706e401c06ac8513145b7687a14804d17f814b,$322.87 0.106554 ETH,6.24,853162466.0,4905840456.0
11,Staked USDe (sUSDe),sUSDe,0x211cc4dd073734da055fbf44a2b4667d5e5fe5d2,$1.18 0.000389 ETH,0.04,26059727.0,3110762764.0
12,ENA (ENA),ENA,0x58538e6a46e07434d7e7375bc268d3cb839c0133,$0.3497 0.000115 ETH,5.24,614925872.0,2231050206.0
13,Savings USDS (sUSDS),sUSDS,0x5875eee11cf8398102fdad704c9e96607675467a,$1.059 0.000349 ETH,0.02,8003067.0,2213333090.0
14,Spark USDC Vault (sUSDC),sUSDC,0x3128a0f7f0ea68e7b7c9b00afa7e41045828e858,$1.059 0.000349 ETH,0.02,8003067.0,2213333090.0
15,OFFICIAL TRUMP (TRUMP),TRUMP,0xc27468b12ffa6d714b1b5fbc87ef403f38b82ad4,$9.77 0.003224 ETH,0.64,625304669.0,1958817918.0
16,Wrapped TRUMP (WTRUMP),WTRUMP,0xc05ec5235ce6050375adce1f86bbec949c3c366f,$9.77 0.003224 ETH,0.64,625304669.0,1958817918.0
17,Wrapped PENGU (WPENGU),WPENGU,0xbcb8209c3c482a46dd9a5e7bc06e8cfb04670477,$0.029 0.000010 ETH,26.16,2229741884.0,1832156911.0
18,Lombard Staked BTC (LBTC),LBTC,0xecac9c5f704e954931349da37f60e39f515c11c1,"$123,617.00 40.796208 ETH",4.88,13359892.0,1801841247.0
19,Rocket Pool ETH (rETH),rETH,0xb6fe221fe9eef5aba221c348ba20a1bf5e73624c,"$3,446.7196 1.137490 ETH",2.33,390445.0,1445206471.0
20,Virtual Protocol (VIRTUAL),VIRTUAL,0x0b3e328455c4059eeb9e3f84b5543f74e24e7e1b,$1.77 0.000584 ETH,3.44,304579727.0,1162503295.0
21,Solv BTC (SolvBTC),SolvBTC,0x3b86ad95859b6ab773f55f8d94b4b9d443ee931f,"$122,158.00 40.314707 ETH",3.7,1773424.0,1124441010.0
22,Renzo Restaked ETH (ezETH),ezETH,0x2416092f143378750bb29b79ed961ab195cceea5,"$3,191.29 1.053193 ETH",2.28,1980927.0,1020297959.0
23,Curve DAO Token (CRV),CRV,0x8ee73c484a26e0a5df2ee2a4960b789967dd0415,$0.6831 0.000225 ETH,7.15,238844029.0,941393700.0
24,Liquid Staked ETH (LsETH),LsETH,0xb29749498954a3a821ec37bde86e386df3ce30b6,"$3,276.68 1.081373 ETH",2.51,1059086.0,917654183.0
25,clBTC (clBTC),clBTC,0x8d2757ea27aabf172da4cca4e5474c76016e3dc5,"$118,497.00 39.106501 ETH",-0.29,3.0,915177310.0
26,Aerodrome (AERO),AERO,0x940181a94a35a4569e4529a3cdfb74e38fd98631,$0.8505 0.000281 ETH,9.42,78548368.0,726077292.0
27,Pyth Network (PYTH),PYTH,0x4c5d8a75f3762c1561d96f177694f67378705e98,$0.1224 0.000040 ETH,1.39,58862885.0,705425535.0
28,Super OETH (superOETHb),superOETHb,0xdbfefd2e8460a6ee4955a68582f85708baea60a3,"$3,030.21 1.000033 ETH",2.43,896771.0,680426296.0
29,Wrapped USDX (USDX),USDX,0xf3527ef8de265eaa3716fb312c12847bfba66cef,$0.9983 0.000329 ETH,0.03,654593.0,673627561.0
30,Pendle (PENDLE),PENDLE,0xa99f6e6785da0f5d6fb42495fe424bce029eeb3e,$4.07 0.001343 ETH,3.7,71384401.0,672753340.0
31,cgETH Hashkey Cloud (cgETH.hashkey),cgETH.hashkey,0xf587b7116879a529353cc71ee959cd69fd5cae48,"$3,196.63 1.054955 ETH",2.46,30.0,638705128.0
32,Morpho Token (MORPHO),MORPHO,0xbaa5cc21fd487b8fcc2f632f3f4e8d37262a0842,$1.94 0.000640 ETH,13.02,43968936.0,620250119.0
33,Usual USD (USD0),USD0,0x758a3e0b1f842c9306b783f8a4078c6c8c03a270,$0.9979 0.000329 ETH,-0.02,6467551.0,585196360.0
34,Telcoin (TEL),TEL,0x09be1692ca16e06f536f0038ff11d1da8524adb1,$0.0055 0.000002 ETH,22.55,6352836.0,508457539.0
35,ether.fi governance token (ETHFI),ETHFI,0x6c240dda6b5c336df09a4d011139beaaa1ea2aa2,$1.19 0.000393 ETH,2.5,157699736.0,446990095.0
36,Coinbase Wrapped Staked ETH (cbETH),cbETH,0x2ae3f1ec7f1f5012cfeab0185bfc7aa3cf0dec22,"$3,356.9404 1.107861 ETH",2.71,3428093.0,438480652.0
37,1INCH Token (1INCH),1INCH,0xc5fecc3a29fb57b5024eec8a2239d4621e111cbe,$0.3099 0.000102 ETH,-12.39,169615652.0,432342376.0
38,ether.fi BTC (eBTC),eBTC,0x657e8c867d8b37dcc18fa4caead9c45eb088c642,"$122,179.00 40.321638 ETH",3.83,864150.0,421487336.0
39,Wormhole Token (W),W,0xb0ffa8000886e57f86dd5264b9582b2ad87b2b91,$0.082 0.000027 ETH,3.85,74185136.0,384474400.0
40,KAITO (KAITO),KAITO,0x98d0baa52b2d063e780de12f615f963fe8537553,$1.58 0.000521 ETH,2.49,59725079.0,383047178.0
41,SuperVerse (SUPER),SUPER,0x391359ab0ccef572dcac78f74e47d7c06db0b982,$0.8253 0.000272 ETH,7.27,30395075.0,373860418.0
42,Compounding Open Dollar (cUSDO),cUSDO,0x83db73ef5192de4b6a4c92bd0141ba1a0dc87c65,$1.02 0.000337 ETH,-0.02,1027014.0,290239853.0
43,pumpBTC (pumpBTC),pumpBTC,0xf469fbd2abcd6b9de8e169d128226c0fc90a012e,"$112,017.00 36.967964 ETH",0.05,28676.0,282172580.0
44,Euler (EUL),EUL,0xa153ad732f831a79b5575fa02e793ec4e99181b0,$14.96 0.004937 ETH,4.26,3331555.0,279709954.0
45,Reward EUL (rEUL),rEUL,0xe08e1f00d388e201e48842e53fa96195568e6813,$14.96 0.004937 ETH,4.26,3331555.0,279709954.0
46,Moca (MOCA),MOCA,0x2b11834ed1feaed4b4b3a86a6f571315e25a884d,$0.0828 0.000027 ETH,-6.9,45256419.0,279312437.0
47,LayerZero (ZRO),ZRO,0x6985884c4392d348587b19cb9eaaf157f13271cd,$2.21 0.000729 ETH,2.42,46522745.0,245849725.0
48,Synthetix Network Token (SNX),SNX,0x22e6966b799c4d5b13be962e1d117b56327fda66,$0.6731 0.000222 ETH,3.16,13092814.0,231201430.0
49,MANTRA (OM),OM,0x3992b27da26848c2b19cea6fd25ad5568b68ab98,$0.2319 0.000077 ETH,5.56,87234292.0,228676335.0
50,EURC (EURC),EURC,0x60a3e35cc302bfa44cb288bc5a4f316fdb1adb42,$1.18 0.000389 ETH,0.19,56959930.0,206260253.0
51,yearn.finance (YFI),YFI,0x9eaf8c1e34f05a589eda6bafdf391cf6ad3cb239,"$5,764.00 1.902241 ETH",1.79,24154842.0,195331376.0
52,CoW Protocol Token (COW),COW,0xc694a91e6b071bf030a18bd3053a7fe09b6dae69,$0.3764 0.000124 ETH,1.24,31280165.0,184410207.0
53,Non-Playable Coin (NPC),NPC,0xb166e8b140d35d9d8226e40c09f757bac5a4d87d,$0.0212 0.000007 ETH,17.65,16753065.0,170289386.0
54,MAG7.ssi (MAG7.ssi),MAG7.ssi,0x9e6a46f294bb67c20f1d1e7afb0bbef614403b55,$0.9016 0.000298 ETH,3.76,1716164.0,158349467.0
55,UXLINK Token (UXLINK),UXLINK,0x1a6b3a62391eccaaa992ade44cd4afe6bec8cff1,$0.3799 0.000125 ETH,1.81,19789402.0,155426063.0
56,FAI (FAI),FAI,0xb33ff54b9f7242ef1593d2c9bcd8f9df46c77935,$0.0186 0.000006 ETH,4.15,1921105.0,152725287.0
57,REI (REI),REI,0x6b2504a03ca4d43d0d73776f6ad46dab2f2a4cfd,$0.1426 0.000047 ETH,-9.95,2256549.0,143004735.0
58,Prime (PRIME),PRIME,0xfa980ced6895ac314e7de34ef1bfae90a5add21b,$2.71 0.000894 ETH,8.25,13039108.0,140784450.0
59,WorldMobileToken (WMTX),WMTX,0x3e31966d4f81c72d2a55310a6365a56a4393e98d,$0.1802 0.000059 ETH,1.15,3631441.0,134937602.0
60,Melania Meme (MELANIA),MELANIA,0x813f392d21a55819be5e78157bfcdbd25530f4e8,$0.2008 0.000066 ETH,0.63,13884872.0,130226486.0
61,BIO (BIO),BIO,0x226a2fa2556c48245e57cd1cba4c6c9e67077dd2,$0.0706 0.000023 ETH,15.63,58762548.0,128541168.0
62,Anzen USDz Bond (AnzBond),AnzBond,0xa87c9808c0ebe20a1427b5c769623c77201f6f4d,$0.9842 0.000325 ETH,-0.22,54807.0,120995538.0
63,USDz (USDz),USDz,0x04d5ddf5f3a8939889f11e97f8c4bb48317f1938,$0.9842 0.000325 ETH,-0.22,54807.0,120995538.0
64,AWE Network (AWE),AWE,0x1b4617734c43f6159f3a70b7e06d883647512778,$0.0614 0.000020 ETH,8.04,16926878.0,119286097.0
65,Centrifuge (CFG),CFG,0x2b51e2ec9551f9b87b321f63b805871f1c81ba97,$0.2071 0.000068 ETH,2.01,127575.0,116216546.0
66,USUAL (USUAL),USUAL,0x4acd4d03af6f9cc0fb7c5f0868b7b6287d7969c5,$0.1025 0.000034 ETH,27.57,251425781.0,107489383.0
67,Osaka Protocol (OSAK),OSAK,0xbfd5206962267c7b4b4a8b3d76ac2e1b2a5c4d5e,$0.00 0.000000 ETH,23.39,429492.0,106159811.0
68,Cookie DAO (COOKIE),COOKIE,0xc0041ef357b183448b235a8ea73ce4e4ec8c265f,$0.1928 0.000064 ETH,5.17,30916477.0,105757258.0
69,Degen (DEGEN),DEGEN,0x4ed4e862860bed51a9570b96d89af5e1b0efefed,$0.0044 0.000001 ETH,7.98,24691353.0,100289260.0
70,Constellation (DAG),DAG,0x74299a718b2c44483a27325d7725f0b2646de3b1,$0.0345 0.000011 ETH,4.49,2589619.0,98399240.0
71,Redstone (RED),RED,0x4eb92702ba4cfbf80561bad64d89c706ac824960,$0.3492 0.000115 ETH,1.25,22103930.0,98239570.0
72,Venice Token (VVV),VVV,0xacfe6019ed1a7dc6f7b508c02d1b04ec88cc21bf,$2.98 0.000983 ETH,2.22,5377462.0,96055795.0
73,Dola USD Stablecoin (DOLA),DOLA,0x4621b7a9c75199271f773ebd9a499dbd165c3191,$0.998 0.000329 ETH,0.02,3327705.0,93119818.0
74,Phala (PHA),PHA,0x336c9297afb7798c292e9f80d8e566b947f291f0,$0.1151 0.000038 ETH,5.52,15082630.0,92388677.0
75,Pocket Network (POKT),POKT,0x764a726d9ced0433a8d7643335919deb03a9a935,$0.0433 0.000014 ETH,3.07,24483976.0,87110462.0
76,Sign (SIGN),SIGN,0x868fced65edbf0056c4163515dd840e9f287a4c3,$0.0722 0.000024 ETH,1.76,13673062.0,86698832.0
77,Ponke (PONKE),PONKE,0x4a0c64af541439898448659aedcec8e8e819fc53,$0.1465 0.000048 ETH,5.38,12848007.0,81544900.0
78,Kyber Network Crystal v2 (KNC),KNC,0x28fe69ff6864c1c218878bdca01482d36b9d57b1,$0.4885 0.000161 ETH,-6.46,173654612.0,81150205.0
79,B3 (Base) (B3),B3,0xb3b32f9f8827d4634fe7d973fa1034ec9fddb3b3,$0.003 0.000001 ETH,3.05,9215709.0,80889986.0
80,HarryPotterObamaSonic10Inu (BITCOIN),BITCOIN,0x2a06a17cbc6d0032cac2c6696da90f29d39a1a29,$0.0773 0.000026 ETH,1.54,8112159.0,77788634.0
81,Hyperlane (HYPER),HYPER,0xc9d23ed2adb0f551369946bd377f8644ce1ca5c4,$0.4152 0.000137 ETH,-1.18,162519861.0,72803912.0
82,Goldfinch (GFI),GFI,0xb78e7d4c5d47af92942321ed40419dab0e573810,$0.7377 0.000243 ETH,4.61,915918.0,68632476.0
83,Zentry (ZENT),ZENT,0xdf49c226ed9cf05be0e38cdb86df4e8a945158b1,$0.0086 0.000003 ETH,2.73,9732357.0,60946409.0
84,BTRST (BTRST),BTRST,0xa7d68d155d17cb30e311367c2ef1e82ab6022b67,$0.2366 0.000078 ETH,1.91,163106.0,57095951.0
85,BIM (BIM),BIM,0x555fff48549c1a25a723bd8e7ed10870d82e8379,$1.90 0.000627 ETH,2.93,138742.0,56860753.0
86,Magic Internet Money (MIM),MIM,0x4a3a6dd60a34bb2aba60d73b4c88315e9ceb6a3d,$0.9986 0.000330 ETH,-0.19,600.0,55417808.0
87,Gains Network (GNS),GNS,0xfb1aaba03c31ea98a3eec7591808acb1947ee7ac,$1.84 0.000607 ETH,0.19,3367470.0,53956174.0
88,,,0xd89d90d26b48940fa8f58385fe84625d468e057a,$0.0203 0.000007 ETH,-0.91,7023128.0,51597233.0
89,Curve.fi Factory Plain Pool: Overnight/Curve (USD+crvUSD-f),USD+crvUSD-f,0xda3de145054ed30ee937865d31b500505c4bdfe7,$0.9998 0.000330 ETH,-0.01,636154.0,48074620.0
90,USD+ (USD+),USD+,0xb79dd08ea68a908a97220c76d19a6aa9cbde4376,$0.9998 0.000330 ETH,-0.01,636154.0,48074620.0
91,Autonolas (OLAS),OLAS,0x54330d28ca3357f294334bdc454a032e7f353416,$0.2491 0.000082 ETH,-0.22,453999.0,45447363.0
92,GoPlus Security (GPS),GPS,0x0c1dc73159e30c4b06170f2593d3118968a0dca5,$0.0246 0.000008 ETH,1.36,7374308.0,44636931.0
93,PARTI Token (PARTI),PARTI,0x59264f02d301281f3393e1385c0aefd446eb0f00,$0.187 0.000062 ETH,3.99,27794531.0,43637453.0
94,SmarDex Token (SDEX),SDEX,0xfd4330b0312fdeec6d4225075b82e00493ff2e3f,$0.0045 0.000001 ETH,-1.05,497683.0,41659839.0
95,OriginToken (OGN),OGN,0x7002458b1df59eccb57387bc79ffc7c29e22e6f7,$0.0592 0.000020 ETH,2.16,9102482.0,41245810.0
96,tokenbot (CLANKER),CLANKER,0x1bc0c42215582d5a085795f4badbac3ff36d1bcb,$41.16 0.013584 ETH,6.15,4326009.0,41161943.0
97,Based Fartcoin (Fartcoin),Fartcoin,0x2f6c17fa9f9bc3600346ab4e48c0701e1d5962ae,$0.0004 0.000000 ETH,7.16,364809.0,40638678.0
98,Zora (ZORA),ZORA,0x1111111111166b7fe7bd91427724b487980afc69,$0.0118 0.000004 ETH,40.51,42874441.0,37367285.0
99,Auki Token (AUKI),AUKI,0xf9569cfb8fd265e91aa478d86ae8c78b8af55df4,$0.0165 0.000005 ETH,2.42,81059.0,36717549.0
100,Mr. Miggles (MIGGLES),MIGGLES,0xb1a03eda10342529bbf8eb700a06c60441fef25d,$0.038 0.000013 ETH,5.05,5159769.0,36461289.0
101,XION (XION),XION,0xe4c3461a20f50dad7b9e88ca0222a255c4126fc0,$0.9456 0.000312 ETH,-2.01,9256230.0,35334505.0
102,Orbiter Token (OBT),OBT,0x514d8e8099286a13486ef6c525c120f51c239b52,$0.0075 0.000002 ETH,-1.0,37205390.0,32525447.0
103,Radiant (RDNT),RDNT,0xd722e55c1d9d9fa0021a5215cbb904b92b3dc5d4,$0.025 0.000008 ETH,0.42,26056039.0,32330348.0
104,LimeWire Token (LMWR),LMWR,0xe997017e0cb0ceb503565f181e9ea922cd979c35,$0.0893 0.000029 ETH,5.69,3062361.0,31103903.0
105,Renzo (REZ),REZ,0xf757c9804cf2ee8d8ed64e0a8936293fe43a7252,$0.0115 0.000004 ETH,0.2,25673263.0,30434604.0
106,Maverick Token (MAV),MAV,0x64b88c73a5dfa78d1713fe1b4c69a22d7e0faaa7,$0.0454 0.000015 ETH,2.18,24713667.0,29819807.0
107,The Innovation Game (TIG),TIG,0x0c03ce270b4826ec62e7dd007f0b716068639f7b,$1.30 0.000429 ETH,72.54,1939833.0,29258735.0
108,Blockasset (BLOCK),BLOCK,0x59268e3edc45f97d4d918732d8f59541b7b26457,$0.0796 0.000026 ETH,0.23,678459.0,26814326.0
109,Aavegotchi GHST Token (GHST),GHST,0xcd2f22236dd9dfe2356d7c543161d4d260fd9bcb,$0.4602 0.000152 ETH,2.19,3306000.0,23599115.0
110,yoVaultETH (yoETH),yoETH,0x3a43aec53490cb9fa922847385d82fe25d0e9de7,"$3,200.43 1.056278 ETH",2.58,0.0,22768432.0
111,Orderly Network (ORDER),ORDER,0x4e200fe2f3efb977d5fd9c430a41531fb04d97b8,$0.0817 0.000027 ETH,-2.12,7134094.0,22760568.0
112,,,0xfde4c96c8593536e31f229ea8f37b2ada2699bb2,$0.9999 0.000330 ETH,-0.01,5326204.0,22658719.0
113,Metacade (MCADE),MCADE,0xc48823ec67720a04a9dfd8c7d109b2c3d6622094,$0.013 0.000004 ETH,19.06,1444008.0,22074414.0
114,AITV (AITV),AITV,0x45e4e92f5a94f4b741c9cb553ff8be7b25eb7df5,$0.0883 0.000029 ETH,,10.0,22071105.0
115,agEUR (agEUR),agEUR,0xa61beb4a3d02decb01039e378237032b351125b4,$1.17 0.000386 ETH,-0.78,924939.0,21784994.0
116,AnonFi (ANON),ANON,0x75e6b648c91d222b2f6318e8ceeed4b691d5323f,$0.019 0.000006 ETH,,24745.0,20952047.0
117,Coinbase Wrapped XRP (cbXRP),cbXRP,0xcb585250f852c6c6bf90434ab21a00f02833a4af,$2.97 0.000980 ETH,5.47,2418976.0,19239358.0
118,Dimo (DIMO),DIMO,0x5eaa326fb2fc97facce6a79a304876dad0f2e96c,$0.0575 0.000019 ETH,-7.29,970290.0,19237534.0
119,MATH Token (MATH),MATH,0x9e81f6495ba29a6b4d48bddd042c0598fa8abc9f,$0.104 0.000034 ETH,1.47,515881.0,19154450.0
120,Luna by Virtuals (LUNA),LUNA,0x55cd6469f597452b5a7536e2cd98fde4c1247ee4,$0.0187 0.000006 ETH,1.51,683982.0,18750587.0
121,,,0x227d920e20ebac8a40e7d6431b7d724bb64d7245,$0.0024 0.000001 ETH,5.25,5942145.0,18461496.0
122,Cornucopias (COPI),COPI,0x0a953dd9fc813fefaf6015b804c9dfa0624690c0,$0.017 0.000006 ETH,0.84,293840.0,17537516.0
123,GammaSwap (GS),GS,0xc4d44c155f95fd4e94600d191a4a01bb571df7df,$0.0717 0.000024 ETH,10.99,82365.0,15735638.0
124,DEFI.ssi (DEFI.ssi),DEFI.ssi,0x164ffdae2fe3891714bc2968f1875ca4fa1079d0,$0.6127 0.000202 ETH,6.93,520235.0,15710255.0
125,Boson Token (BOSON),BOSON,0x2192607c3cba9ec3d490206d10d831e68e5f3c97,$0.1061 0.000035 ETH,8.24,1829942.0,15290021.0
126,TLOS (TLOS),TLOS,0x7252c865c05378ffc15120f428dd65804dd0ce63,$0.0362 0.000012 ETH,4.61,1821985.0,15204094.0
127,IMO (IMO),IMO,0x5a7a2bf9ffae199f088b25837dcd7e115cf8e1bb,$1.31 0.000432 ETH,1.06,75618.0,14716927.0
128,Symmio (SYMM),SYMM,0x800822d361335b4d5f352dac293ca4128b5b605f,$0.0366 0.000012 ETH,-1.39,16913.0,14711792.0
129,Spectral Token (SPEC),SPEC,0x96419929d7949d6a801a6909c145c8eef6a40431,$0.7069 0.000233 ETH,0.83,5802193.0,14656912.0
130,Seamless (SEAM),SEAM,0x1c7a460413dd4e964f96d8dfc56e7223ce88cd85,$0.3778 0.000125 ETH,1.27,367805.0,14608284.0
131,Edge (EDGE),EDGE,0xed6e000def95780fb89734c07ee2ce9f6dcaf110,$0.0709 0.000023 ETH,0.71,1663552.0,14386379.0
132,Ethix (ETHIX),ETHIX,0xacad1d3107808577022387c07512e7828694b2a2,$0.2001 0.000066 ETH,2.42,2301.0,14116408.0
133,Kryll (KRL),KRL,0xdae49c25fad3a62a8e8bfb6da12c46be611f9f7a,$0.3335 0.000110 ETH,1.65,237282.0,13274405.0
134,BMX (BMX),BMX,0x548f93779fbc992010c07467cbaf329dd5f059b7,$4.76 0.001571 ETH,5.61,38871.0,13272031.0
135,Botto (BOTTO),BOTTO,0x24914cb6bd01e6a0cf2a9c0478e33c25926e6a0c,$0.2774 0.000092 ETH,2.23,103768.0,13188501.0
136,UCASH (UCASH),UCASH,0x26cf750abaf38af7109effdbdf79ba50d2ee09a1,$0.0012 0.000000 ETH,,63.0,13123704.0
137,Miracleplay Token (MPT),MPT,0xf2d3d488626a117984fda70f8106abc0049018d3,$0.0147 0.000005 ETH,-6.41,374964.0,12504738.0
138,Lingo (LINGO),LINGO,0xfb42da273158b0f642f59f2ba7cc1d5457481677,$0.0388 0.000013 ETH,-0.55,570430.0,12384695.0
139,Flayer (FLAY),FLAY,0xf1a7000000950c7ad8aff13118bb7ab561a448ee,$0.0203 0.000007 ETH,8.21,87932.0,12185809.0
140,wPKOIN (wPKOIN),wPKOIN,0x41cecd4cdd1b03471008ddf3d2b49a1549bf4572,$0.8473 0.000280 ETH,0.28,60347.0,11797269.0
141,Cryptex (CTX),CTX,0xbb22ff867f8ca3d5f2251b4084f6ec86d4666e14,$1.54 0.000508 ETH,7.39,4957607.0,11404051.0
142,USD Base Coin (USDbC),USDbC,0xd9aaec86b65d86f6a7b5b1b0c42ffa531710b6ca,$1.00 0.000330 ETH,-0.04,3000083.0,11369868.0
143,Masa Token (MASA),MASA,0xab1e131c6984cc149ef45931073d11ae35497191,$0.0199 0.000007 ETH,-5.58,4079246.0,11098934.0
144,Overtime DAO Token (OVER),OVER,0x7750c092e284e2c7366f50c8306f43c7eb2e82a2,$0.1676 0.000055 ETH,1.39,30885.0,10943218.0
145,Propbase (PROPS),PROPS,0xd6aaf4d477999fa50c5a1aa35f708862113a73cc,$0.0243 0.000008 ETH,3.4,3585191.0,10180934.0
146,Wrapped IRON (wIRON),wIRON,0x166e70941262ae7cbf9df5c8897a6242c546457d,$0.1569 0.000052 ETH,-0.02,151914.0,10167085.0
147,Heroes of Mavia (MAVIA),MAVIA,0x24fcfc492c1393274b6bcd568ac9e225bec93584,$0.1896 0.000063 ETH,12.83,21637545.0,9793917.0
148,MaviaMarketPool (MMP),MMP,0xecc312cbdc0884c41fe1579ea33686ddacc90c42,$0.1896 0.000063 ETH,12.83,21637545.0,9793917.0
149,PAID Network (PAID),PAID,0x655a51e6803faf50d4ace80fa501af2f29c856cf,$0.0188 0.000006 ETH,-7.79,83208.0,9376609.0
150,HackenAI (HAI),HAI,0x73e2a6320314883ff8cc08b53f1460a5f4c47f2c,$0.0109 0.000004 ETH,2.36,186848.0,9087211.0
151,USSI (USSI),USSI,0x3a46ed8fceb6ef1ada2e4600a522ae7e24d2ed18,$1.009 0.000333 ETH,-0.28,168268.0,8876613.0
152,Odos Token (ODOS),ODOS,0xca73ed1815e5915489570014e024b7ebe65de679,$0.0054 0.000002 ETH,4.53,1394351.0,8664522.0
153,Tarot (TAROT),TAROT,0xf544251d25f3d243a36b07e7e7962a678f952691,$0.1236 0.000041 ETH,4.52,135856.0,8367850.0
154,frok.ai (FROK),FROK,0x42069babe14fb1802c5cb0f50bb9d2ad6fef55e2,$0.0404 0.000013 ETH,3.4,134.0,8125631.0
155,Aura (AURA),AURA,0x4381bc7d5640bf514a508e2732ec522c650c414c,$0.4402 0.000145 ETH,2.37,14.0,7787291.0
156,Truflation (TRUF),TRUF,0xb59c8912c83157a955f9d715e556257f432c35d7,$0.0221 0.000007 ETH,1.93,453460.0,7780430.0
157,Extra Finance (EXTRA),EXTRA,0x2dad3a13ef0c6366220f989157009e501e7938f8,$0.021 0.000007 ETH,2.4,28248.0,7621608.0
158,Eagle AI (EAI),EAI,0x6797b6244fa75f2e78cdffc3a4eb169332b730cc,$0.1863 0.000061 ETH,-2.52,247109.0,7497963.0
159,Sipher Token (SIPHER),SIPHER,0xd0d1e44fc9adaeb732f73ffc2429cd1db9cd4529,$0.038 0.000013 ETH,2.0,16665.0,7386797.0
160,Pepper (PEPPER),PEPPER,0xbf388570ebd5b88bfc7cd21ec469813c15f453a3,$0.0069 0.000002 ETH,2.16,37578.0,6956346.0
161,Christ is King (CIK),CIK,0xb5d409f6e679b0f89a669ac9714173177683eb7c,$0.00 0.000000 ETH,-8.3,231361.0,6822296.0
162,Alpha City (AMETA),AMETA,0x90ec58ef4cc9f37b96de1e203b65bd4e6e79580e,$0.0007 0.000000 ETH,12.73,17959.0,6553931.0
163,ARC (ARC),ARC,0x61ca70b867a48265e553a7fbb81bfe44fada7ae6,$0.0067 0.000002 ETH,31.95,190893.0,6543278.0
164,True (TRUE),TRUE,0x21cfcfc3d8f98fc728f48341d10ad8283f6eb7ab,$0.0732 0.000024 ETH,3.38,165339.0,6248745.0
165,Rai.Finance (SOFI),SOFI,0x703d57164ca270b0b330a87fd159cfef1490c0a5,$0.0104 0.000003 ETH,0.4,834524.0,6228561.0
166,Token Metrics AI (TMAI),TMAI,0xca4569949699d56e1834efe9f58747ca0f151b01,$0.0008 0.000000 ETH,-1.95,520983.0,6065563.0
167,OVR (OVR),OVR,0x27e3bc3a66e24cad043ac3d93a12a8070e3897ba,$0.1123 0.000037 ETH,11.12,627651.0,5757033.0
168,,,0x4eed0d2deb4c588393c80869b122327581b0d98e,$0.0472 0.000016 ETH,19.88,51355.0,5602723.0
169,DivergenceProtocol (DIVER),DIVER,0x81949bd04fa0eef0239aa7f8caeb72bbc15bf3ae,$0.0084 0.000003 ETH,0.72,154250.0,5530170.0
170,,,0xb0505e5a99abd03d94a1169e638b78edfed26ea4,$3.91 0.001290 ETH,14.48,2626433.0,5116830.0
171,Pinto (PINTO),PINTO,0xb170000aeefa790fa61d6e837d1035906839a3c8,$0.4443 0.000147 ETH,6.02,249765.0,4649981.0
172,AGENT@base (AGENT),AGENT,0x7e5fe1e587a5c38b4a4a9ba38a35096f8ea35aac,$0.0046 0.000002 ETH,3.3,18437.0,4611104.0
173,Liquid Mercury (MERC),MERC,0x8923947eafaf4ad68f1f0c9eb5463ec876d79058,$0.0021 0.000001 ETH,-6.06,4362.0,4462623.0
174,SKOP Token (SKOP),SKOP,0x6d3b8c76c5396642960243febf736c6be8b60562,$0.0297 0.000010 ETH,-4.32,146268.0,4454528.0
175,iBTC (IBTC),IBTC,0x12418783e860997eb99e8acf682df952f721cf62,"$121,578.00 40.125915 ETH",0.06,2085.0,4329254.0
176,VNX Franc (VCHF),VCHF,0x1fca74d9ef54a6ac80ffe7d3b14e76c4330fd5d8,$1.25 0.000413 ETH,-0.64,953248.0,4286252.0
177,Shrub (SHRUB),SHRUB,0x1eefd52f6e218f262da7b0089b9e343a1eb5c9f4,$0.0044 0.000001 ETH,5.08,803048.0,4098558.0
178,VEIL Token (VEIL),VEIL,0x767a739d1a152639e9ea1d8c1bd55fdc5b217d7f,$0.0646 0.000021 ETH,43.8,213871.0,4090761.0
179,Nya (NYA),NYA,0x38f9bf9dce51833ec7f03c9dc218197999999999,$0.00 0.000000 ETH,2.43,15946.0,4024330.0
180,Heurist (HEU),HEU,0xef22cb48b8483df6152e1423b19df5553bbd818b,$0.0246 0.000008 ETH,9.28,212101.0,4016022.0
181,Bitcoin on Base (BTCB),BTCB,0x0c41f1fc9022feb69af6dc666abfe73c9ffda7ce,$0.2489 0.000082 ETH,2.01,15840.0,3890743.0
182,Libertai (LTAI),LTAI,0xf8b1b47aa748f5c7b5d0e80c726a843913eb573a,$0.2308 0.000076 ETH,1.85,287.0,3815022.0
183,Rivalz Token (RIZ),RIZ,0x67543cf0304c19ca62ac95ba82fd4f4b40788dc1,$0.0032 0.000001 ETH,11.63,624832.0,3668295.0
184,Coinbase Wrapped DOGE (cbDOGE),cbDOGE,0xcbd06e5a2b0c65597161de254aa074e489deb510,$0.2084 0.000069 ETH,4.29,1011125.0,3624657.0
185,higher (HIGHER),HIGHER,0x0578d8a44db98b23bf096a382e016e29a5ce0ffe,$0.0036 0.000001 ETH,4.42,228188.0,3607401.0
186,Hive Intelligence (HINT),HINT,0x91da780bc7f4b7cf19abe90411a2a296ec5ff787,$0.0078 0.000003 ETH,1.08,1047607.0,3600990.0
187,CrappyBird (CRAPPY),CRAPPY,0xc8e51fefd7d595c217c7ab641513faa4ad522b26,$0.003 0.000001 ETH,4.18,242396.0,3571111.0
188,izumi Token (iZi),iZi,0x60d01ec2d5e98ac51c8b4cf84dfcce98d527c747,$0.0045 0.000001 ETH,6.36,433168.0,3535268.0
189,donotfomoew (MOEW),MOEW,0x15ac90165f8b45a80534228bdcb124a011f62fee,$0.0005 0.000000 ETH,2.01,1409227.0,3521537.0
190,UPLAND (SPARKLET),SPARKLET,0x9cd44eca3d1e0ada6fbdaf5793031c3a500089b1,$0.0164 0.000005 ETH,0.5,364012.0,3407230.0
191,Fuse Token (FUSE),FUSE,0x01facc69ec7360640aa5898e852326752801674a,$0.0109 0.000004 ETH,7.46,1145999.0,3366887.0
192,SubQueryToken (SQT),SQT,0x858c50c3af1913b0e849afdb74617388a1a5340d,$0.0012 0.000000 ETH,0.56,356539.0,3272977.0
193,Paragons DAO Token (PDT),PDT,0xeff2a458e464b07088bdb441c21a42ab4b61e07e,$0.0256 0.000008 ETH,-2.24,11675.0,3191418.0
194,VNX Euro (VEUR),VEUR,0x4ed9df25d38795a47f52614126e47f564d37f347,$1.17 0.000386 ETH,-0.48,66799.0,3085065.0
195,Brian (BRIAN),BRIAN,0x3ecced5b416e58664f04a39dd18935eb71d33b15,$0.0032 0.000001 ETH,49.37,95375.0,3067725.0
196,,,0x45d9c101a3870ca5024582fd788f4e1e8f7971c3,$0.0887 0.000029 ETH,4.02,3600.0,3055924.0
197,RWA Inc (RWA),RWA,0xe2b1dc2d4a3b4e59fdf0c47b71a7a86391a8b35a,$0.0088 0.000003 ETH,-2.71,501867.0,3055314.0
198,ZARP Stablecoin (ZARP),ZARP,0xb755506531786c8ac63b756bab1ac387bacb0c04,$0.0565 0.000019 ETH,0.07,13293.0,2993754.0
199,Super Champs (CHAMP),CHAMP,0xeb6d78148f001f3aa2f588997c5e102e489ad341,$0.0033 0.000001 ETH,14.17,426483.0,2982693.0
200,Ratio1 (R1),R1,0x6444c6c2d527d85ea97032da9a7504d6d1448ecf,$3.19 0.001053 ETH,7.59,496238.0,2981277.0
201,SPORT (SPORT),SPORT,0xd007c4c900d1df6caea2a4122f3d551d7dfe08b0,$0.0479 0.000016 ETH,17.0,67305.0,2949390.0
202,IMGN Labs (IMGN),IMGN,0x9bba915f036158582c20b51113b925f243a1a1a1,$0.0035 0.000001 ETH,1.79,84982.0,2938918.0
203,DeFi-IRA (IRA),IRA,0x029c58a909fbe3d4be85a24f414dda923a3fde0f,$0.0132 0.000004 ETH,6.69,6350.0,2894404.0
204,PoSciDonDAO Token (SCI),SCI,0x25e0a7767d03461eaf88b47cd9853722fe05dfd3,$0.7281 0.000240 ETH,1.84,9928.0,2886932.0
205,TRVL (TRVL),TRVL,0x74aa9bb52b36a378a6e641b86d7acb76dc9b3940,$0.0065 0.000002 ETH,10.9,392295.0,2874222.0
206,Seedworld (SWORLD),SWORLD,0x968be3f7bfef0f8edc3c1ad90232ebb0da0867aa,$0.0004 0.000000 ETH,0.2,9477.0,2855836.0
207,Neurobro by Virtuals (BRO),BRO,0xc796e499cc8f599a2a8280825d8bda92f7a895e0,$0.0035 0.000001 ETH,-2.15,24647.0,2799511.0
208,Mynth (MNT),MNT,0x26d3c0d9f4cc4c130097b6afdebe4f5e497e6bdf,$0.0615 0.000020 ETH,-2.64,2883.0,2665905.0
209,Axelar Wrapped REGEN (axlREGEN),axlREGEN,0x2e6c05f1f7d1f4eb9a088bf12257f1647682b754,$0.0177 0.000006 ETH,-0.38,577.0,2624316.0
210,Crash (Crash),Crash,0x4dd9077269dd08899f2a9e73507125962b5bc87f,$0.0027 0.000001 ETH,2.79,7602.0,2623104.0
211,Dor Technologies (DOR),DOR,0xfe9885baff18074846aaa2d5541581adf068731d,$0.0095 0.000003 ETH,-5.14,244753.0,2588610.0
212,ARI (ARI),ARI,0xd1e6f3f0a7f40d5412f7471875879381441bf722,$0.0054 0.000002 ETH,-0.49,46501.0,2569543.0
213,RobotBulls (RBT),RBT,0x7ecc65a5e734a8bcaf24eea0ac9c7cfe6355bc30,$0.4221 0.000139 ETH,,0.0,2532621.0
214,IntentX Token (INTX),INTX,0x7d27187eb33a7b1d99258ff222633670f84fa342,$0.0512 0.000017 ETH,,134.0,2532053.0
215,FREE GUAC (GUAC),GUAC,0x9a2270cc7d21be4225d2c5c588e86c24395f77c1,$0.00 0.000000 ETH,2.64,98605.0,2461034.0
216,Decentralized EURO (dEURO),dEURO,0x1b5f7fa46ed0f487f049c42f374ca4827d65a264,$1.17 0.000386 ETH,-0.72,217698.0,2452424.0
217,KOMPETE Token (KOMPETE),KOMPETE,0x8f019931375454fe4ee353427eb94e2e0c9e0a8c,$0.0035 0.000001 ETH,-0.74,9124.0,2404096.0
218,Prosper (PROS),PROS,0x915424ac489433130d92b04096f3b96c82e92a9d,$0.046 0.000015 ETH,-0.25,160212.0,2365841.0
219,Common Wealth Token (WLTH),WLTH,0x99b2b1a2adb02b38222adcd057783d7e5d1fcc7d,$0.0028 0.000001 ETH,-1.17,217186.0,2362941.0
220,ivault Token (IVT),IVT,0x4b12507e171970b3acd48edfeb5bd1c676e61280,$0.0145 0.000005 ETH,0.99,302522.0,2346867.0
221,Freya by Virtuals (FREYA),FREYA,0xf04d220b8136e2d3d4be08081dbb565c3c302ffd,$0.0046 0.000002 ETH,-0.02,17131.0,2329559.0
222,BSX (BSX),BSX,0xd47f3e45b23b7594f5d5e1ccfde63237c60be49e,$0.0112 0.000004 ETH,26.04,377426.0,2316413.0
223,DeHub (DHB),DHB,0xd20ab1015f6a2de4a6fddebab270113f689c2f7c,$0.0005 0.000000 ETH,0.76,4476.0,2180817.0
224,Velvet Unicorn by Virtuals (VU),VU,0x511ef9ad5e645e533d15df605b4628e3d0d0ff53,$0.0022 0.000001 ETH,-9.31,35696.0,2154841.0
225,Rigo Token (GRG),GRG,0x09188484e1ab980daef53a9755241d759c5b7d60,$0.7884 0.000260 ETH,2.05,0.0,2129385.0
226,Dickbutt (DICKBUTT),DICKBUTT,0x2d57c47bc5d2432feeedf2c9150162a9862d3ccf,$0.00 0.000000 ETH,-7.94,73748.0,2078401.0
227,Presearch (PRE),PRE,0x3816dd4bd44c8830c2fa020a5605bac72fa3de7a,$0.0035 0.000001 ETH,-0.16,5977.0,2057268.0
228,Aviator (AVI),AVI,0x3203856eac03d343f9d5245ba2f39861838a7b36,$0.0003 0.000000 ETH,0.42,1206.0,2048987.0
229,,,0xcf67815cce72e682eb4429eca46843bed81ca739,$0.0039 0.000001 ETH,-2.36,907972.0,2045751.0
230,Sekuya (SKYA),SKYA,0x623cd3a3edf080057892aaf8d773bbb7a5c9b6e9,$0.0049 0.000002 ETH,6.05,156454.0,2012111.0
231,BasisOS by Virtuals (BIOS),BIOS,0x73cb479f2ccf77bad90bcda91e3987358437240a,$0.0035 0.000001 ETH,2.87,665987.0,1882244.0
232,ISLAND (ISLAND),ISLAND,0x157a6df6b74f4e5e45af4e4615fde7b49225a662,$0.0117 0.000004 ETH,3.17,715509.0,1879717.0
233,Locked Money (LMY),LMY,0x739f93504a9e26d5973862dbc4a44178cc264852,$0.0021 0.000001 ETH,2.51,11593.0,1875202.0
234,RUSSELL (RUSSELL),RUSSELL,0x0c5142bc58f9a61ab8c3d2085dd2f4e550c5ce0b,$0.0019 0.000001 ETH,18.56,34111.0,1840718.0
235,UnlockProtocolToken (UP),UP,0xac27fa800955849d6d17cc8952ba9dd6eaa66187,$0.0065 0.000002 ETH,2.66,104.0,1813222.0
236,Based Chad (CHAD),CHAD,0xecaf81eb42cd30014eb44130b89bcd6d4ad98b92,$0.00 0.000000 ETH,15.81,7832.0,1806564.0
237,R Stablecoin (R),R,0xafb2820316e7bc5ef78d295ab9b8bb2257534576,$0.00 0.000000 ETH,,120313.0,1762295.0
238,ECO (ECO),ECO,0x434769c82fb928150b87c4ae6320bf71f92dcca5,$0.0068 0.000002 ETH,,189.0,1732027.0
239,Clustr (CLUSTR),CLUSTR,0x4b361e60cf256b926ba15f157d69cac9cd037426,$0.0033 0.000001 ETH,0.82,293.0,1726613.0
240,Based Mario (BARIO),BARIO,0x814fe70e85025bec87d4ad3f3b713bdcaac0579b,$0.0017 0.000001 ETH,-8.46,59118.0,1669297.0
241,Chinese Doge Wow (CHIDO),CHIDO,0xf31e6d62bfc485857af2186eb3d8ee94b4379fed,$0.0017 0.000001 ETH,1.4,5564.0,1615816.0
242,PACA AI (PACA),PACA,0x3639e6f4c224ebd1bf6373c3d97917d33e0492bb,$0.0021 0.000001 ETH,-20.33,191020.0,1592919.0
243,MBS (MBS),MBS,0x8fbd0648971d56f1f2c35fa075ff5bc75fb0e39d,$0.0024 0.000001 ETH,-0.44,81488.0,1518055.0
244,VIVI (VIVI),VIVI,0x94a47aa810e85190fed418892ecbd68d5f463ff4,$0.0015 0.000000 ETH,15.11,36935.0,1512085.0
245,MAHA.xyz (MAHA),MAHA,0x554bba833518793056cf105e66abea330672c0de,$0.2398 0.000079 ETH,-0.83,118620.0,1501949.0
246,The Nation Token (NATO),NATO,0xd968196fa6977c4e58f2af5ac01c655ea8332d22,$0.00 0.000000 ETH,1.95,107570.0,1479979.0
247,JoystreamERC20 (JOY),JOY,0x8761155c814c807cd3ccd15b256d69d3c10f198c,$0.0014 0.000000 ETH,-0.34,172455.0,1476480.0
248,MEME.ssi (MEME.ssi),MEME.ssi,0xdd3acdbdc7b358df453a6cb6bca56c92aa5743aa,$0.5754 0.000190 ETH,4.49,352014.0,1471092.0
249,DEUS (DEUS),DEUS,0xde5ed76e7c05ec5e4572cfc88d1acea165109e44,$9.14 0.003017 ETH,2.18,9373.0,1466857.0
250,PKT (PKT),PKT,0x917f39bb33b2483dd19546b1e8d2f09ce481ee44,$0.0004 0.000000 ETH,2.18,788.0,1442248.0
251,Azuro (AZUR),AZUR,0x2b4d0fc2294aa9686adf6c5a7ba25f66dccdf6c0,$0.0067 0.000002 ETH,-1.08,150569.0,1418542.0
252,YieldFi yToken (yUSD),yUSD,0x895e15020c3f52ddd4d8e9514eb83c39f53b1579,$1.0995 0.000363 ETH,0.02,0.0,1351664.0
253,Shieldeum (SDM),SDM,0x9cfe02eb040c6f5718126128dbba0c1d364d9c07,$0.0048 0.000002 ETH,-1.38,364598.0,1322869.0
254,Arbus by Virtuals (ARBUS),ARBUS,0xbdc27118ca76b375c6887b0ff068afb03dfc21a0,$0.0025 0.000001 ETH,-5.74,650368.0,1312736.0
255,Polytrader by Virtuals (POLY),POLY,0x2676e4e0e2eb58d9bdb5078358ff8a3a964cedf5,$0.0013 0.000000 ETH,5.19,14113.0,1299560.0
256,Pett AI (AIP),AIP,0x02d4f76656c2b4f58430e91f8ac74896c9281cb9,$0.0051 0.000002 ETH,-1.56,33335.0,1293723.0
257,SkyNity SkyDust (SDT),SDT,0x04bc5918a08a526653e83420044b1a26ff34863b,$0.0643 0.000021 ETH,-0.02,99797.0,1217820.0
258,Send (SEND),SEND,0xeab49138ba2ea6dd776220fe26b7b8e446638956,$0.0039 0.000001 ETH,-2.07,3024.0,1192132.0
259,AI Agent Layer (AIFUN),AIFUN,0xbdf317f9c153246c429f23f4093087164b145390,$0.0024 0.000001 ETH,-0.7,487801.0,1156996.0
260,CYI by Virtuals (CYI),CYI,0x49c86046903807d0a3193a221c1a3e1b1b6c9ba3,$0.0011 0.000000 ETH,9.5,3970.0,1153818.0
261,Alongside Crypto Market Index (AMKT),AMKT,0x13f4196cc779275888440b3000ae533bbbbc3166,$320.18 0.105673 ETH,1.77,512.0,1130202.0
262,Jam (JAM),JAM,0xf8252c05ec4cb2fdf1e0398bae049d454ddba3ad,$0.0003 0.000000 ETH,-79.38,174.0,1124568.0
263,AstroPepeX (APX),APX,0xcacf1ca03983ce6c7e235fb20c70acc70ed13509,$0.00 0.000000 ETH,-1.31,49901.0,1105923.0
264,BEPRO Token (BEPRO),BEPRO,0xf1095aa7dc127ed45441acfb742694d6a0261b00,$0.0001 0.000000 ETH,21.23,251756.0,1093388.0
265,WoofWork.io (WOOF),WOOF,0xb3a9bd4861454ba94931ebff410c3d828525dce2,$0.0001 0.000000 ETH,,24.0,988122.0
266,JOOCE Memecoin Index (JMX),JMX,0x83190636c344cf1220ffcbfc0c1198f7867b3667,$0.7455 0.000246 ETH,12.62,21008.0,971260.0
267,Nabla (NABLA),NABLA,0x01ed85d73645523b0d62c7a8e35d03601cfd679b,$0.0034 0.000001 ETH,2.32,65.0,961681.0
268,Wombat Token (WOM),WOM,0xd9541b08b375d58ae104ec247d7443d2d7235d64,$0.0032 0.000001 ETH,-0.88,9871.0,924783.0
269,Rwax Token (RWAX),RWAX,0xe0023e73aab4fe9a22f059a9d27e857e027ee3dc,$0.0562 0.000019 ETH,0.53,6198.0,919310.0
270,Satori (SATORI),SATORI,0xc1c37473079884cbfcf4905a97de361fed414b2b,$1.80 0.000594 ETH,16.03,297.0,912881.0
271,TAOCat by Virtuals (TAOCAT),TAOCAT,0x7a5f5ccd46ebd7ac30615836d988ca3bd57412b3,$0.0009 0.000000 ETH,6.17,497853.0,891803.0
272,weirdo (weirdo),weirdo,0x76734b57dfe834f102fb61e1ebf844adf8dd931e,$0.00 0.000000 ETH,8.45,2076.0,891075.0
273,Vertex (VRTX),VRTX,0xfb0c734fc3008683c5eff45bcf8128836c4d97d0,$0.0017 0.000001 ETH,-0.01,734082.0,873758.0
274,BevorAI (CERTAI),CERTAI,0xf5f2a79eeccf6e7f4c570c803f529930e29cc96b,$0.0009 0.000000 ETH,-2.07,7148.0,867517.0
275,Seraph by Virtuals (SERAPH),SERAPH,0x4f81837c2f4a189a0b69370027cc2627d93785b4,$0.0008 0.000000 ETH,2.7,2010.0,849346.0
276,Winkies (WNK),WNK,0xbf82115918a88e2120c0f73d99ccd8f95c301b59,$0.0001 0.000000 ETH,1.34,52494.0,837051.0
277,Sage Market (SAGE),SAGE,0xbb2a93afcf5d3af8ae28dd50d6c18556ea532c5a,$0.0092 0.000003 ETH,-5.35,7892.0,824601.0
278,Baseswap Token (BSWAP),BSWAP,0x78a087d713be963bf307b18f2ff8122ef9a63ae9,$0.1136 0.000038 ETH,31.46,32293.0,820206.0
279,Sports Analyst AI (SPORT),SPORT,0x220c6019203aaa7f14b5cd44a323446019609798,$0.0376 0.000012 ETH,,0.0,783579.0
280,Help (HELP),HELP,0x1c9f5e5b5c172955660c11ec0df65b68ecb5fb69,$8.59 0.002835 ETH,2.41,86.0,781742.0
281,Lympid Token (LYP),LYP,0x4837b18a6d7af6159c8665505b90a2ed393255e0,$0.0357 0.000012 ETH,-1.29,183563.0,781107.0
282,Athena by Virtuals (ATHENA),ATHENA,0x1a43287cbfcc5f35082e6e2aa98e5b474fe7bd4e,$0.001 0.000000 ETH,-8.44,16749.0,776202.0
283,PIGGY (PIGGY),PIGGY,0xe3cf8dbcbdc9b220ddead0bd6342e245daff934d,$0.00 0.000000 ETH,0.42,710.0,735123.0
284,INT OS (INTOS),INTOS,0x42e07fa3d31190731368ca2f88d12d80139dca42,$0.0003 0.000000 ETH,-1.42,376.0,708563.0
285,Henlo Kart (KART),KART,0x78aca94075efdfa7220cd7aae02ac1488a8c5134,$0.00 0.000000 ETH,0.83,52841.0,703282.0
286,Quadency Token (QUAD),QUAD,0x9a54ed8d4343e8d89477285a5a0ca06be4051dda,$0.0028 0.000001 ETH,,18.0,700755.0
287,,,0x74cb668d23e6e54524e2e1e4d1c392f5fd611783,$0.023 0.000008 ETH,-34.81,1236.0,695341.0
288,GALAXIS Token (GALAXIS),GALAXIS,0x2d189eabb667aa1ecfc01963a6a3a5d83960f558,$0.0002 0.000000 ETH,0.39,50593.0,695172.0
289,Nutcoin (NUT),NUT,0x6a9431b9ecce9dde3f7a32391d5b61c5ad11e4a0,$0.00 0.000000 ETH,-2.0,279079.0,681014.0
290,yoVaultBTC (yoBTC),yoBTC,0xbcbc8cb4d1e8ed048a6276a5e94a3e952660bcbc,"$122,970.00 40.585334 ETH",3.93,0.0,671995.0
291,Rob Banks (Banks),Banks,0x14b2f229097df3c92b43ea871860e3fae08d7f06,$0.00 0.000000 ETH,-4.67,22521.0,670129.0
292,Believe In Something (DTF),DTF,0x84054a6b72dd5c58da8106e410e62658083a80e4,$0.0007 0.000000 ETH,22.7,171881.0,651092.0
293,AskTianAI by Virtuals (TIAN),TIAN,0x795abcb2a9901f6ec510e18d40de08b84628c354,$0.0012 0.000000 ETH,0.52,1992.0,648680.0
294,RoboPepe (ROBOPEPE),ROBOPEPE,0x5db4c680f66ade9e00ef6aad187419031bcc58a8,$0.00 0.000000 ETH,,5.0,636793.0
295,EdgeMatrix Computing network (EMC),EMC,0x20dcf8106bdc2ccccf84dd62dc486a7123a41d13,$0.0027 0.000001 ETH,-12.27,110736.0,614745.0
296,IPOR Token (IPOR),IPOR,0xbd4e5c2f8de5065993d29a9794e2b7cefc41437a,$0.0221 0.000007 ETH,,301.0,602372.0
297,VNX British Pound (VGBP),VGBP,0xaeb4bb7debd1e5e82266f7c3b5cff56b3a7bf411,$1.37 0.000452 ETH,-0.32,402987.0,585723.0
298,PRFI (PRFI),PRFI,0x7bbcf1b600565ae023a1806ef637af4739de3255,$0.05 0.000017 ETH,-50.74,349.0,577348.0
299,PokPok Golden Egg (PEGG),PEGG,0x82b0e1a2374ea0198f62a48b14ffab53db6c1e36,$0.0779 0.000026 ETH,5.37,5039.0,562165.0
300,Inferium (IFR),IFR,0x01812ca908b5731be0db86000c15c5afa3e834b2,$0.0164 0.000005 ETH,0.94,902.0,553573.0
301,Chia Warped DBX (wDBX),wDBX,0x2dabffed5584dab0ca3f9a56ba849f97a08cad9a,$0.0548 0.000018 ETH,-3.35,60.0,545747.0
302,IDRISS (IDRISS),IDRISS,0x000096630066820566162c94874a776532705231,$0.0044 0.000001 ETH,2.0,900.0,545437.0
303,Poncho (PONCHO),PONCHO,0xc2fe011c3885277c7f0e7ffd45ff90cadc8ecd12,$0.0537 0.000018 ETH,-9.29,3866.0,538234.0
304,Based Monsta (MONSTA),MONSTA,0xf5c83ea805e5aeff5de24c7da23ef246c2bf8ec7,$0.0001 0.000000 ETH,-1.06,764.0,523914.0
305,Slap (SLAP),SLAP,0x8890de1637912fbbba36b8b19365cdc99122bd6e,$0.0005 0.000000 ETH,9.2,24837.0,504656.0
306,SATO (SATO),SATO,0x5a70be406ce7471a44f0183b8d7091f4ad751db5,$0.00 0.000000 ETH,-0.36,35427.0,500254.0
307,Nounspace (SPACE),SPACE,0x48c6740bcf807d6c47c864faeea15ed4da3910ab,$0.0048 0.000002 ETH,-5.74,2586.0,491866.0
308,BetSwirl v2 (BETS),BETS,0x94025780a1ab58868d9b2dbbb775f44b32e8e6e5,$0.0002 0.000000 ETH,1.82,189.0,489259.0
309,YELToken (YEL),YEL,0x949185d3be66775ea648f4a306740ea9eff9c567,$0.0017 0.000001 ETH,-3.01,447.0,485790.0
310,Synthesizer Dog (SYNDOG),SYNDOG,0x3d1d651761d535df881740ab50ba4bd8a2ec2c00,$0.0005 0.000000 ETH,21.95,8827.0,479848.0
311,,,0xf598797d9c160aef2a14712c20b7731cbe5861da,$0.0114 0.000004 ETH,7.06,80731.0,450083.0
312,Godcoin (GOD),GOD,0xb5130f4767ab0acc579f25a76e8f9e977cb3f948,$0.0048 0.000002 ETH,-2.02,800.0,429584.0
313,Motoko (MOTOKO),MOTOKO,0x323ae144409a9758331f4e20cd3d24c216cfb37b,$0.0004 0.000000 ETH,,20812.0,382877.0
314,AthenaX9 (AiX9),AiX9,0x8e306e02ec1effc4fdad3f952fbeeebf3730ae19,$0.0009 0.000000 ETH,-0.55,601068.0,371860.0
315,Insane Labz (Base) (Labz),Labz,0x30121d81f4407474a6d93f5c3060f14aaa098a61,$0.0004 0.000000 ETH,2.47,5.0,353942.0
316,DEFLI (FLI),FLI,0x076bf099c7aabd0bc9bc37930113428906f51d89,$0.0137 0.000005 ETH,,10419.0,330046.0
317,DACKIE Superchain (DACKIE),DACKIE,0x73326b4d0225c429bed050c11c4422d91470aaf4,$0.0038 0.000001 ETH,12.67,12477.0,311050.0
318,Wild Goat Coin (WGC),WGC,0x3d63825b0d8669307366e6c8202f656b9e91d368,$0.0001 0.000000 ETH,9.57,4043.0,300617.0
319,TurboUSD Unstablecoin (₸USD),₸USD,0x3d5e487b21e0569048c4d1a60e98c36e1b09db07,$0.00 0.000000 ETH,43.52,60625.0,300057.0
320,Virtu  by Virtuals (VIRTU),VIRTU,0x41e0fe1317bd6e8944b037cd59b22d428c1434c2,$0.0003 0.000000 ETH,0.64,3331.0,283987.0
321,Rubicon Token (RUBI),RUBI,0xb3836098d1e94ec651d74d053d4a0813316b2a2f,$0.0006 0.000000 ETH,-2.34,1579.0,282315.0
322,whim.bet by Virtuals (WHIM),WHIM,0x39a1cce09d7354ac2db86c6b02924360a10e4793,$0.0005 0.000000 ETH,2.25,803.0,278097.0
323,Crestal Nation (NATION),NATION,0x2f74f818e81685c8086dd783837a4605a90474b8,$0.001 0.000000 ETH,2.38,467.0,277333.0
324,WAGMI (WAGMI),WAGMI,0x7466de7bb8b5e41ee572f4167de6be782a7fa75d,$0.0003 0.000000 ETH,,1.0,255680.0
325,Parabol USD (paraUSD),paraUSD,0x1f94d6a61973edf53252b9e61c6250f303957b9d,$1.002 0.000331 ETH,,39.0,255666.0
326,Dollar (DOLLAR),DOLLAR,0x72e72193ea14ac3b469f881989d18a2ba021b4c6,$0.0002 0.000000 ETH,-6.55,7467.0,245444.0
327,TAIKAI Token (TKAI),TKAI,0x1287a235474e0331c0975e373bdd066444d1bd35,$0.0028 0.000001 ETH,-0.71,1065.0,242972.0
328,Primex Finance (PMX),PMX,0x0b3eaead748facdb9d943d3407011f16eb17d0cf,$0.0026 0.000001 ETH,1.23,136486.0,231905.0
329,BASED APU (APU),APU,0x6f35720b272bf23832852b13ae9888c706e1a379,$0.00 0.000000 ETH,1.43,549.0,219370.0
330,HealthSci.AI (HSAI),HSAI,0x11a2021368f518fa390d20308076b25c57292e83,$0.0026 0.000001 ETH,1.69,134.0,217986.0
331,COQINU (COQ),COQ,0x420fca0121dc28039145009570975747295f2329,$0.00 0.000000 ETH,4.2,728.0,217029.0
332,COTI AI Agents (COAI),COAI,0x9880dc78d805f71fc761ce2dafd384ddbd26cec3,$0.0003 0.000000 ETH,1.09,35.0,211964.0
333,Barry The Badger (BARRY),BARRY,0xf09034487c84954d49ae04bf6817148ffc2edb83,$0.0002 0.000000 ETH,-1.78,56251.0,199542.0
334,PREME Token (PREME),PREME,0x8c62ac3b71db8c81a764b84ffbc2a8d0bad7f111,$0.0014 0.000000 ETH,1.83,17528.0,171995.0
335,Florence Finance Medici (FFM),FFM,0xb4e1b230dd0476238fc64c99ff9d6ccdfdb2258d,$0.0008 0.000000 ETH,1.85,42.0,160876.0
336,Agent Zero (WSB),WSB,0x92dc4ab92eb16e781559e612f349916988013d5a,$0.0073 0.000002 ETH,3.99,42.0,153750.0
337,Minds (MINDS),MINDS,0x686015ebf044a1b8a4be750346be00293a996071,$0.0163 0.000005 ETH,-6.34,555.0,150448.0
338,SKAI (SKAI),SKAI,0xe7399151b688a265f347693d358821a5a8c213ec,$0.0013 0.000000 ETH,3.79,80733.0,148203.0
339,717ai by Virtuals (WIRE),WIRE,0x0b3ae50babe7ffa4e1a50569cee6bdefd4ccaee0,$0.0001 0.000000 ETH,1.14,3137.0,141980.0
340,FOAM Token (FOAM),FOAM,0x6059d0ed9368c36941514d2864fd114a84853d5a,$0.0004 0.000000 ETH,,5.0,138792.0
341,VISION ai by Virtuals (VISION),VISION,0x50d7a818e5e339ebe13b17e130b5b608fac354dc,$0.0001 0.000000 ETH,3.17,1032.0,134030.0
342,METAFIGHT TOKEN (MFT),MFT,0xb372dc09d8d84e1246760ee9d279e504a89f5684,$0.0094 0.000003 ETH,1.58,373.0,132761.0
343,Moby (MOBY),MOBY,0xea1d649ddc8e2a6e6ee40b89b2997518476cafa5,$0.00 0.000000 ETH,,56.0,130858.0
344,_gai16zbrielShai16zpr0 (gaib),gaib,0x9a1b42f7f6d649b73bdb275972295acc940b153a,$0.0002 0.000000 ETH,,1.0,124359.0
345,DeFAI (DEFAI),DEFAI,0xf857b2764095b9a5f57c3e71f82f297fe4e45334,$0.0001 0.000000 ETH,6.39,402.0,122332.0
346,CV AGENTLAUNCHER Token (CVAI),CVAI,0x6b34d1c35689dba179c2eddf6a01530bbb1d28a8,$0.0008 0.000000 ETH,2.63,386.0,118342.0
347,Brett2.0 (Brett2.0),Brett2.0,0x885129e35d247b01c4485ef6b48564d0ebc8c362,$0.0001 0.000000 ETH,-0.16,48707.0,114191.0
348,Capminal by Virtuals (CAP),CAP,0xbfa733702305280f066d470afdfa784fa70e2649,$0.0002 0.000000 ETH,9.62,8068.0,111099.0
349,AGIXBT by Virtuals (AGIXBT),AGIXBT,0x81496f85abaf8bd2e13d90379fde86c533d8670d,$0.0001 0.000000 ETH,-11.45,3374.0,107588.0
350,Edgeware (EDG),EDG,0x4e0da40b9063dc48364c1c0ffb4ae9d091fc2270,$0.00 0.000000 ETH,,22.0,86683.0
351,UNLUCKY (UNLUCKY),UNLUCKY,0x3933012dcf9beb0d63778725345e04dcc0c69c7e,$0.00 0.000000 ETH,2.84,23.0,84879.0
352,senku ishigami by Virtuals (SENKU),SENKU,0x0671799f205b8880d270fc6bec77942636dd8c03,$0.0001 0.000000 ETH,0.11,77.0,81404.0
353,BLUE (BLUE),BLUE,0x7f65323e468939073ef3b5287c73f13951b0ff5b,$0.0001 0.000000 ETH,23.47,2809.0,80738.0
354,Basedmilio (BASED),BASED,0x28e29ec91db66733a94ee8e3b86a6199117baf99,$0.0001 0.000000 ETH,2.51,22.0,73650.0
355,Media Token (MEDIA),MEDIA,0x6e51b3a19f114013e5dc09d0477a536c7e4e0207,$0.2946 0.000097 ETH,-0.62,202.0,73648.0
356,DogLibre (DOGL),DOGL,0xb757977bc882a14db86b048f2abb2f2a14d33184,$0.00 0.000000 ETH,-3.82,452.0,71120.0
357,Wrapped ETHO (ETHO),ETHO,0x8b52f46a52d86c131222ee14167da6a847bdb84a,$0.0009 0.000000 ETH,-12.25,25.0,66483.0
358,TaskBunny Token (BNY),BNY,0x6009e7cd237087e6d7570990e8bdac09c3e182b0,$0.0027 0.000001 ETH,,65469.0,63310.0
359,Larva Lads (LAD),LAD,0x40e3eddf6d253bb734381a309437428f121c594b,$0.00 0.000000 ETH,-2.1,511.0,60205.0
360,Laïka (LAÏKA),LAÏKA,0x05a5b4e217004eb84c6787e0ecbe7a46cfd94cdd,$0.0001 0.000000 ETH,3.32,19040.0,57144.0
361,Thesirion (TSO),TSO,0x7772b39661b87a98521193b9f18f87cfabe401fa,$0.0002 0.000000 ETH,2.51,2.0,51824.0
362,ETH Printer (ETHPrinter),ETHPrinter,0x35bfe9427d37cec78ea1eb9fa922f12ae8a32547,$0.00 0.000000 ETH,-0.89,9.0,49396.0
363,myEva (MYEVA),MYEVA,0x000307575269863b6cb67916b9e7fc3c6235c000,$0.0118 0.000004 ETH,1.39,393.0,48146.0
364,Umoja Token (UMJA),UMJA,0x009e97a080bc7b603257c461598275dc49b8cd0c,$0.0001 0.000000 ETH,,1.0,48144.0
365,Synth escrowed token (xSYNTH),xSYNTH,0x01cc6b33c63cee896521d63451896c14d42d05ea,$0.2072 0.000068 ETH,3.71,164.0,44892.0
366,Synth Token (SYNTH),SYNTH,0xbd2dbb8ecea9743ca5b16423b4eaa26bdcfe5ed2,$0.2072 0.000068 ETH,3.71,164.0,44892.0
367,AI Voice Agents (AIVA),AIVA,0xbdb0e1c40a76c5113a023d685b419b90b01e3d61,$0.0002 0.000000 ETH,7.31,83289.0,43087.0
368,launchbot (ROCKETAI),ROCKETAI,0x03f64375f98aaafb617d18ca1e4a9a85a5c74476,$0.00 0.000000 ETH,-0.53,25.0,42046.0
369,Workie (WORKIE),WORKIE,0x7480527815ccae421400da01e052b120cc4255e9,$0.00 0.000000 ETH,-21.64,2926.0,41847.0
370,Rizz (RIZZ),RIZZ,0x6ce7c23b917284e21d55cea20acaeb2bc58594be,$0.0004 0.000000 ETH,1.0,117.0,40989.0
371,Wrapped NETZ (WNETZ),WNETZ,0x67027f972671e6157f0e63632d2862fd4e96796a,$0.0009 0.000000 ETH,4.96,266.0,34447.0
372,MOLLY ANALYTICS by Virtuals (MOLLY),MOLLY,0xa720777acb870de5395cd5888b3cd8fb763e74d2,$0.00 0.000000 ETH,-1.03,17.0,34278.0
373,Wrapped Power (wPWR),wPWR,0x3b54eb78fc8103462f86976b06916fa46078b124,$0.0001 0.000000 ETH,,77.0,31231.0
374,AetherX (AETX),AETX,0xfe0c0b15798b8c9107cd4aa556a87eb031263e8b,$0.00 0.000000 ETH,3.81,87.0,31125.0
375,MPRO (MPRO),MPRO,0xd88611a629265c9af294ffdd2e7fa4546612273e,$0.0018 0.000001 ETH,4.45,26156.0,30654.0
376,aigmx by Virtuals (AIGMX),AIGMX,0x56ca7ea740f54501cc6ffb2b6fb9ba46eaf8b51c,$0.00 0.000000 ETH,-0.03,43.0,28416.0
377,Dackie Token (DACKIE),DACKIE,0xc2bc7a73613b9bd5f373fe10b55c59a69f4d617b,$0.0004 0.000000 ETH,12.95,293.0,26585.0
378,APOLLO AI by Virtuals (APL),APL,0xb55fcd62ed44253c45735bde6703c44100935747,$0.00 0.000000 ETH,0.6,23.0,26502.0
379,PengyOS (POS),POS,0x421e3bb01642c3ebbc88a82dbb713145f30993d6,$0.00 0.000000 ETH,2.42,39.0,25364.0
380,Lambow (LAMBOW),LAMBOW,0x4b61e2f1bbdee6d746209a693156952936f1702c,$0.00 0.000000 ETH,-15.37,52.0,20501.0
381,Degens With Attitude (DWA),DWA,0x1d4731111bd2a50ab3dd5178574e6f3698270ffc,$0.00 0.000000 ETH,-0.14,13.0,20151.0
382,LaunchTokenBot (CAPO),CAPO,0x63cb9a22cbc00bf9159429e9dede4b88c3dba8ce,$0.00 0.000000 ETH,0.48,4.0,18525.0
383,Tadpole (TAD),TAD,0x55027a5b06f4340cc4c82dcc74c90ca93dcb173e,$0.00 0.000000 ETH,2.64,48.0,17574.0
384,Rebel by Virtuals (REBELZ),REBELZ,0x0aa9876c9ccf97be7eed5c4cee91d556bf7dbac3,$0.00 0.000000 ETH,-4.26,34.0,16906.0
385,Unio Coin (UNIO),UNIO,0x01aac2b594f7bdbec740f0f1aa22910ebb4b74ab,$0.00 0.000000 ETH,1.23,11.0,11659.0
386,Altariste by Virtuals (ASTA),ASTA,0xf8f259389c1f29769e0388579d458fb799489185,$0.00 0.000000 ETH,-5.33,1.0,10990.0
387,fun Kyra (KIRA),KIRA,0xea19d59ad1e2bcf57dacc5a795b3a376ebeb6363,$0.00 0.000000 ETH,,19.0,10027.0
388,Zunami Token (ZUN),ZUN,0x1db0fc8933f545648b54a9ee4326209a9a259643,$0.0003 0.000000 ETH,,13.0,8928.0
389,spixfi (SPIX),SPIX,0x6ce4dba6b54d4995654c94bd48ea3b94836ea144,$0.0008 0.000000 ETH,0.95,7.0,7696.0
390,Token S (S),S,0x667d0fb35364b0711b8566bee4dc3d0f96d6a688,$0.00 0.000000 ETH,,10.0,2874.0
391,LSD (LSD),LSD,0xcd1b51b87a8a7137d6421ba5a976225187a26777,$0.0001 0.000000 ETH,,21711.0,2383.0
392,TCAP (TCAP),TCAP,0x4e99472385a2522aa292b008da294a78f420a367,$210.34 0.069421 ETH,,247.0,2321.0
393,DRINK (DRINK),DRINK,0x2dc90fa3a0f178ba4bee16cac5d6c9a5a7b4c6cb,$0.00 0.000000 ETH,1.64,0.0,768.0
-,Aave Base cbETH (aBascbETH),aBascbETH,0xcf3d55c10db69f28fd1a75bd73f3d8a2d9c595ad,"$3,353.07 1.106656 ETH",2.92,0.0,
-,High Yield ETH Index (hyETH),hyETH,0xc73e76aa9f14c1837cdb49bd028e8ff5a0a71dad,"$3,307.89 1.091744 ETH",,135602.0,
-,Wrapped Super OETH (wsuperOETHb),wsuperOETHb,0x7fcd174e80f264448ebee8c88a7c4476aaf58ea6,"$3,243.69 1.070556 ETH",2.29,7252.0,
-,xPufETH (xPufETH),xPufETH,0x23da5f2d509cb43a59d43c108a43edf34510eff1,"$3,175.60 1.048083 ETH",2.62,161855.0,
-,Aave Base WETH (aBasWETH),aBasWETH,0xd4a0e0b9149bcee3c920d2e00b5de09138fd8bb7,"$3,029.66 0.999917 ETH",2.21,490280.0,
-,Backed CSPX Core S&P 500 (bCSPX),bCSPX,0xc3ce78b037dda1b966d31ec7979d3f3a38571a8e,$663.98 0.219142 ETH,-0.52,53322.0,
-,Wrapped Backed Coinbase Global (wbCOIN),wbCOIN,0xdec933e2392ad908263e70a386fbf34e703ffe8f,$387.22 0.127799 ETH,5.73,24393.0,
-,Backed Coinbase Global (bCOIN),bCOIN,0xbbcb0356bb9e6b3faa5cbf9e5f36185d53403ac9,$387.06 0.127682 ETH,,93.0,
-,Backed Tesla Inc (bTSLA),bTSLA,0x14a5f2872396802c3cc8942a39ab3e4118ee5038,$313.47 0.103407 ETH,0.01,0.0,
-,Zunami Omni ETH (zunETH),zunETH,0x24cb2b89844604c57350776d81e14765d03b91de,$225.72 0.074460 ETH,,4.0,
-,JSOL (JSOL),JSOL,0x201ef6d718d9e5cd8b2dfe9739d6975fa81603cf,$213.11 0.070300 ETH,2.41,413.0,
-,Moo BIFI (mooBIFI),mooBIFI,0xc55e93c62874d8100dbd2dfe307edc1036ad5434,$206.88 0.068245 ETH,1.9,10278.0,
-,Backed NVIDIA Corp (bNVDA),bNVDA,0xa34c5e0abe843e10461e2c9586ea03e55dbcc495,$164.92 0.054403 ETH,,163.0,
-,Biochar (CHAR),CHAR,0x20b048fa035d5763685d695e66adf62c5d9f5055,$154.77 0.051055 ETH,-2.0,4964.0,
-,Backed GOVIES 0-6 months EURO investment grade (bC3M),bC3M,0x2f123cf3f37ce3328cc9b5b8415f9ec5109b45e7,$145.37 0.047954 ETH,-0.1,0.0,
-,Coinbase Wrapped LTC (cbLTC),cbLTC,0xcb17c9db87b595717c857a08468793f5bab6445f,$97.04 0.032011 ETH,2.45,1242066.0,
-,Backed HIGH € High Yield Corp Bond (bHIGH),bHIGH,0x20c64dee8fda5269a78f2d5bdba861ca1d83df7a,$7.14 0.002355 ETH,-0.1,0.0,
-,Backed ERNA $ Ultrashort Bond (bERNA),bERNA,0x0f76d32cdccdcbd602a55af23eaf58fd1ee17245,$6.13 0.002022 ETH,-0.01,0.0,
-,Backed IBTA $ Treasury Bond 1-3yr (bIBTA),bIBTA,0x52d134c6db5889fad3542a09eaf7aa90c0fdf9e4,$5.77 0.001903 ETH,,0.0,
-,Backed Niu Technologies (bNIU),bNIU,0x2f11eeee0bf21e7661a22dbbbb9068f4ad191b86,$3.37 0.001112 ETH,,0.0,
-,ZEEBU (ZBU),ZBU,0x2c8c89c442436cc6c0a77943e09c8daf49da3161,$2.75 0.000907 ETH,-0.15,426016.0,
-,Wrapped Frax (WFRAX),WFRAX,0x0ceac003b0d2479bebec9f4b2ebad0a803759bbf,$2.48 0.000818 ETH,12.25,861150.0,
-,MetaYield (MY),MY,0x677db5a751fbd0b130ddc02715223d9da4a98f8f,$1.77 0.000584 ETH,0.22,146484.0,
-,Gains Network USDC (gUSDC),gUSDC,0xad20523a7dc37babc1cc74897e4977232b3d02e5,$1.21 0.000399 ETH,0.02,19737.0,
-,YieldFi yUSD (yUSD),yUSD,0x4772d2e014f9fc3a820c444e3313968e9a5c8121,$1.10 0.000363 ETH,,12390.0,
-,yoVaultUSD (yoUSD),yoUSD,0x0000000f2eb9f69274678c76222b35eec7588a65,$1.017 0.000335 ETH,0.01,0.0,
-,Aave Base USDbC (aBasUSDbC),aBasUSDbC,0x0a1d576f3efef75b330424287a95a366e8281d54,$0.9999 0.000330 ETH,-0.01,6.0,
-,ZAI Stablecoin (ZAI),ZAI,0x69000dfd5025e82f48eb28325a2b88a241182ced,$0.9974 0.000329 ETH,,15.0,
-,Coinbase Wrapped ADA (cbADA),cbADA,0xcbada732173e39521cdbe8bf59a6dc85a9fc7b8c,$0.7562 0.000249 ETH,2.26,1203183.0,
-,GPUNET (GPU),GPU,0xcb9fe0f506702e125843bcef0fc8123a44bb11a7,$0.5009 0.000165 ETH,3.76,56326.0,
-,SmokingDuck (DUCK),DUCK,0xdca716b7360b76383e8f7b82aefcbe632fc381af,$0.4837 0.000160 ETH,2587356.01,205.0,
-,TREB (TREB),TREB,0xb96450dcb16e4a30b999cb5f4087bae9c0ffac4e,$0.3275 0.000108 ETH,6.62,4909.0,
-,Qawalla Token (QWLA),QWLA,0x55365c9e68e70122020184f4441b498e8bf06ac6,$0.3037 0.000100 ETH,2.49,1136.0,
-,BRZ Token (BRZ),BRZ,0xe9185ee218cae427af7b9764a011bb89fea761b4,$0.1796 0.000059 ETH,0.34,71890.0,
-,Prompt (PROMPT),PROMPT,0x30c7235866872213f68cb1f08c37cb9eccb93452,$0.174 0.000057 ETH,18.96,63286015.0,
-,AI Protocol (AI),AI,0x938171227ece879267122a36847b219cbd3b9d47,$0.1518 0.000050 ETH,,0.0,
-,JOJO (JOJO),JOJO,0x0645bc5cdff2376089323ac20df4119e48e4bcc4,$0.1393 0.000046 ETH,0.9,74.0,
-,ETHEREUM ON BASE (ETHB),ETHB,0x8d285df5be4570097e84241090fca8034ab18547,$0.1184 0.000039 ETH,4.19,0.0,
-,Zunami Omni USD (zunUSD),zunUSD,0xd5b9ddb04f20ea773c9b56607250149b26049b1f,$0.0869 0.000029 ETH,,124.0,
-,leetswap.finance (LEET),LEET,0x0963a1abaf36ca88c21032b82e479353126a1c4b,$0.067 0.000022 ETH,,0.0,
-,Trump Project 2025 (MAGA),MAGA,0x19bf54d64bc776532ff03937b662226e4af59517,$0.0627 0.000021 ETH,,0.0,
-,Prospective (PROS),PROS,0xbe1936a67f503e0eaf2434b0cf9f4e3d7100008a,$0.0408 0.000013 ETH,1.59,6731.0,
-,NEUY (NEUY),NEUY,0x3cf255a7a03d74b6f9d58456cbedbc0705626354,$0.0365 0.000012 ETH,3.58,51766.0,
-,Gracy Token (GRACY),GRACY,0xc5449fafc8711b6fa68192586c9aa9302503b939,$0.021 0.000007 ETH,0.22,765475.0,
-,EstateX (ESX),ESX,0x6a72d3a87f97a0fee2c2ee4233bdaebc32813d7a,$0.0142 0.000005 ETH,2.29,6920965.0,
-,FRGX (FRGX),FRGX,0xc745a386605213139192d33b40e3f953941117cd,$0.0106 0.000004 ETH,-1.47,1412.0,
-,Ironclad Token (ICL),ICL,0x12c26138b666360ab2b7a1b149df9cf6642cdfbf,$0.0082 0.000003 ETH,,176.0,
-,BaseTools (BASE),BASE,0xb3ce4ce692e035720b25880f678871cfc5a863ca,$0.0082 0.000003 ETH,,0.0,
-,Mint Token (MT),MT,0xff45161474c39cb00699070dd49582e417b57a7e,$0.0077 0.000003 ETH,2.49,430.0,
-,Sympson by Virtuals (SYMP),SYMP,0x504a26cf29674bc77a9341e73f88ccecc864034c,$0.0055 0.000002 ETH,1.27,8039.0,
-,EMAIL Token (EMT),EMT,0xe2c86869216ac578bd62a4b8313770d9ee359a05,$0.0046 0.000002 ETH,-2.79,177143.0,
-,RealtyX (RX),RX,0x5b1e769e74fd7e532a48261ab42ee906f0090556,$0.0039 0.000001 ETH,-25.34,920.0,
-,Birb (BIRB),BIRB,0xca5c7a459becaac1f2b5ee28bb8a29875b1a37a6,$0.0037 0.000001 ETH,0.35,222.0,
-,ArchAI (archai),archai,0xd3b0b58ec9516e4b875a075328e2cb059d4d54db,$0.003 0.000001 ETH,-8.01,530900.0,
-,Truffi (TRUFFI),TRUFFI,0x2496a9af81a87ed0b17f6edeaf4ac57671d24f38,$0.0026 0.000001 ETH,1.14,10.0,
-,GURU Token (GURU),GURU,0x0f1cfd0bb452db90a3bfc0848349463010419ab2,$0.0023 0.000001 ETH,3.93,76980.0,
-,FUMoney (FU),FU,0x8f4e4221ba88d4e9bb76ecfb91d7c5ce08d7d5b9,$0.0019 0.000001 ETH,0.96,6.0,
-,The Doge NFT (DOG),DOG,0xafb89a09d82fbde58f18ac6437b3fc81724e4df6,$0.0018 0.000001 ETH,4.17,319661.0,
-,Tribal (TRIBAL),TRIBAL,0xe13e40e8fdb815fbc4a1e2133ab5588c33bac45d,$0.0017 0.000001 ETH,0.11,201.0,
-,SoMon (OwO),OwO,0x5d559ea7bb2dae4b694a079cb8328a2145fd32f6,$0.0015 0.000000 ETH,1.2,5.0,
-,The Winners Circle (HRSE),HRSE,0xfbfd50db16b3a72db010641ee008a275ef2456ae,$0.0015 0.000000 ETH,,1087.0,
-,XO Protocol (XOXO),XOXO,0xc799ada44171b741abf41ee54fb1b47fda5960be,$0.0012 0.000000 ETH,-9.48,568316.0,
-,Aqualibre (AQLA),AQLA,0xdbe125089d0752ef458c0685436ace93a7f1f8ca,$0.0011 0.000000 ETH,4.93,683.0,
-,ROYAL FINANCE COIN (RFC),RFC,0x357655df177fb0229dc8aca977114a420bf81799,$0.0011 0.000000 ETH,1.74,9.0,
-,SecureChain AI (SCAI),SCAI,0x0f13fc8a93ab8edc9fde0a1e19aac693161599a5,$0.0011 0.000000 ETH,-5.78,4788.0,
-,EARNM (EARNM),EARNM,0x3e62fed35c97145e6b445704b8ce74b2544776a9,$0.0009 0.000000 ETH,0.27,641302.0,
-,Law of  Attraction (LOA),LOA,0x8d3419b9a18651f3926a205ee0b1acea1e7192de,$0.0007 0.000000 ETH,3.9,126.0,
-,Based BOBR (BOBR),BOBR,0x2531ec1720e5d1bc82052585271d4be3f43e392f,$0.0002 0.000000 ETH,-1.44,3771.0,
-,BasedSwap (BSW),BSW,0x314da69de85145fdd5b7580971e9db0388a2cdc4,$0.0002 0.000000 ETH,,18.0,
-,MintStakeShare (MSS),MSS,0x4b556f3a476b58be7f35df77edd68fbe5076f706,$0.0002 0.000000 ETH,1.59,1085.0,
-,Aardvark (VARK),VARK,0x09579452bc3872727a5d105f342645792bb8a82b,$0.0002 0.000000 ETH,0.7,744.0,
-,DeFi Agents AI Token (DEFAI),DEFAI,0xb3621cd34803cf7065dcb0d5bfb0f56c1834a063,$0.0002 0.000000 ETH,17.46,755.0,
-,Parifi (PRF),PRF,0x431c248257c1d3897fea3b99eb8e2e4de008cbdf,$0.0001 0.000000 ETH,,0.0,
-,Snowy Owl (SWOL),SWOL,0xa1ca6299ba48366af1845a9a8ae59b87ff0d5c01,$0.0001 0.000000 ETH,883.22,3555832.0,
-,Legend (LEGEND),LEGEND,0xc7837be3d71e00fcbe76d77602bcf353df859664,$0.0001 0.000000 ETH,-8.21,195.0,
-,Fuel (FUELX),FUELX,0x0c76e9c9e391055e75eb2413d718a4bc7a037972,$0.0001 0.000000 ETH,-1.13,0.0,
-,Airtok AI (AIRTOK),AIRTOK,0x8217aef424b8ed7279d90ec29315a6295dc73d16,$0.0001 0.000000 ETH,0.44,8.0,
-,Lordy (LORDY),LORDY,0xe388a9a5bfd958106adeb79df10084a8b1d9a5ab,$0.00 0.000000 ETH,8.4,378.0,
-,Percy (PERCY),PERCY,0xea6f7e7e0f46a9e0f4e2048eb129d879f609d632,$0.00 0.000000 ETH,,1.0,
-,GEORGE (GEORGE),GEORGE,0x301cbf069cbe1157209b776afd5c9cdaaaacdfe1,$0.00 0.000000 ETH,5.51,0.0,
-,TRUMP IP (IP),IP,0x00a510c6f786f13231d943fd22d4c45e8c51accf,$0.00 0.000000 ETH,131.61,864584.0,
-,POΞ (POΞ),POΞ,0xd429a52a56c712ab8ba11eacd8bf178e7c3b4d80,$0.00 0.000000 ETH,,0.0,
-,Aaavegotchi Autonomous Agent by Virtuals (GOTCHI),GOTCHI,0x5cf8338e74374eab368784900d6aeca460afa9aa,$0.00 0.000000 ETH,,2.0,
-,Agen Humpty Dumpty (AHD),AHD,0x313f2cddcdc74747c18d2f529ec9c087860198ed,$0.00 0.000000 ETH,,0.0,
-,Bandit on Base (BANDIT),BANDIT,0xe0f96f025ebb27950718ebd787b69c325cf045c0,$0.00 0.000000 ETH,1.43,0.0,
-,Triumph of MAGA (MAGA),MAGA,0x0265c6971037564f2a1382f63fe9d707342891f2,$0.00 0.000000 ETH,,0.0,
-,Snow Leopard (SNL),SNL,0xc5a861787f3e173f2b004d5cfa6a717f5dc5484d,$0.00 0.000000 ETH,3893.23,155371.0,
-,Liberty world financial (LWFI),LWFI,0x2953ca1174b41b28439ef1155235fa699d7b75ba,$0.00 0.000000 ETH,,0.0,
-,Baby Hamster Kombat (HMSTR),HMSTR,0x089d91926e43cd7318198922d548189470ca25f2,$0.00 0.000000 ETH,,0.0,
-,Coinbidex (CBE),CBE,0xb7750e425e86e9ab57bc570a1c89737a56cf4322,$0.00 0.000000 ETH,1.86,1.0,
-,USDEBT (USDEBT),USDEBT,0xa23dd9379f2e12d9ce76ec738b9f5e520d1d861c,$0.00 0.000000 ETH,1.44,433.0,
-,Bonk (BONK),BONK,0x72499bddb67f4ca150e1f522ca82c87bc9fb18c8,$0.00 0.000000 ETH,5.61,2715.0,
-,Lottery Token (LOT),LOT,0xca57b8d3edd0bedc6c1087bd35d782c3518b2a52,$0.00 0.000000 ETH,,0.0,
-,Moonwell Flagship USDC (mwUSDC),mwUSDC,0xc1256ae5ff1cf2719d4937adb3bbccab2e00a2ca,$0.00 0.000000 ETH,,0.0,
-,OpenSocial (OSP),OSP,0xacb5b33ce55ba7729e38b2b59677e71c0112f0d9,$0.00 0.000000 ETH,,0.0,
-,SoftDAO (SOFT),SOFT,0x04d1963c76eb1bec59d0eeb249ed86f736b82993,$0.00 0.000000 ETH,,0.0,
-,Torus (TORUS),TORUS,0x78ec15c5fd8efc5e924e9eebb9e549e29c785867,$0.00 0.000000 ETH,,0.0,
